﻿Title:,"Table 1 - Consolidated statement of comprehensive income and expenditure"
Subtitle:,"Academic years 2015/16 to 2024/25"
Reference ID:,DT031 Table 1
Data source:,HESA / OfS
Data source link:,https://www.hesa.ac.uk/data-and-analysis/finances/table-1
Data file canonical link:,https://www.hesa.ac.uk/data-and-analysis/finances/table-1.csv
Licence:,Creative Commons Attribution 4.0 International Licence
Date:,2026
Filters:,Country of HE provider,All 
,Region of HE provider,All 
,Academic year,2018/19 
,Financial Year End,All 
Search:,


"","","Income (£000s)","Expenditure (£000s)"
"UKPRN","HE Provider","Financial Year End","Tuition fees and education contracts","Funding body grants","Research grants and contracts","Other income","Investment income","Donations and endowments","Total income","Staff costs","Restructuring costs","Other operating expenses","Depreciation and amortisation","Interest and other finance costs","Total expenditure"
"10008071","AA School of Architecture","2019-07-31","16,319","0","0","2,571","4","806","19,700","8,693","0","8,284","503","101","17,581"
"10007783","The University of Aberdeen","2019-07-31","62,613","77,618","54,210","31,482","1,975","596","228,494","179,126","0","70,914","18,837","3,774","272,651"
"10007849","Abertay University","2019-07-31","9,782","19,706","2,061","2,450","474","291","34,764","25,971","0","9,025","2,107","127","37,230"
"10007856","Aberystwyth University","2019-07-31","55,794","12,954","18,517","27,984","774","259","116,282","84,735","770","46,447","10,531","3,845","146,328"
"10067853","ACM Guildford Limited","2018-08-31","0","0","0","0","0","0","0","0","0","0","0","0","0"
"10000248","Academy of Live and Recorded Arts","2018-08-31","2,631","0","0","50","8","1","2,690","1,298","0","1,316","74","0","2,688"
"10032036","Amity University [IN] London","2019-03-31","90","0","0","1,434","0","0","1,524","465","0","564","15","0","1,044"
"10000291","Anglia Ruskin University","2019-07-31","173,625","19,981","6,347","16,200","252","192","216,597","112,711","0","76,390","13,309","5,767","208,177"
"10041898","Apex College","2018-12-31","282","0","0","0","0","0","282","177","0","93","0","0","270"
"10005451","Arden University","2018-10-31","15,304","0","0","813","0","0","16,117","8,476","0","10,383","742","446","20,047"
"10000381","Arts Educational Schools","2018-08-31","7,756","0","0","702","33","212","8,703","5,551","14","2,147","720","0","8,432"
"10003212","Hult International Business School Ltd","2018-09-30","40,465","0","0","1","0","0","40,466","4,610","0","31,310","1,016","674","37,610"
"10007759","Aston University","2019-07-31","108,914","16,782","17,101","14,047","233","370","157,447","127,845","0","58,261","10,902","1,889","198,897"
"10038772","British Academy of Jewellery Limited","2018-12-31","33","105","0","308","0","0","446","249","0","171","4","0","424"
"10007857","Bangor University","2019-07-31","80,698","13,688","21,098","29,936","520","440","146,380","100,928","1,353","45,908","12,607","5,652","166,448"
"10000571","Bath Spa University","2019-07-31","63,044","4,900","1,975","12,785","321","231","83,256","45,261","2,915","28,402","4,661","3,065","84,304"
"10007850","The University of Bath","2019-07-31","169,757","34,969","39,642","52,967","3,231","9,178","309,744","215,847","0","98,750","29,286","10,321","354,204"
"10000911","BCNO Limited","2018-08-31","1,054","140","0","551","1","12","1,758","1,096","0","593","75","17","1,781"
"10007152","University of Bedfordshire","2019-07-31","97,854","8,100","3,077","10,403","186","110","119,730","62,682","0","46,719","8,241","1,505","119,147"
"10005343","Queen's University Belfast","2019-07-31","115,508","101,298","91,691","57,351","3,894","2,524","372,266","286,704","0","124,928","22,666","2,071","436,369"
"10037544","BIMM University","2018-08-31","41,383","0","0","188","0","0","41,571","8,987","0","17,351","4,770","73","31,181"
"10007760","Birkbeck College","2019-07-31","68,665","16,514","8,839","9,068","836","1,500","105,422","93,796","3,308","33,870","3,237","243","134,454"
"10007140","Birmingham City University","2019-07-31","203,778","18,058","2,489","20,661","227","1,553","246,766","132,451","0","82,991","17,372","3,847","236,661"
"10006840","The University of Birmingham","2019-07-31","351,782","84,822","150,620","110,885","10,992","7,195","716,296","518,673","0","240,353","65,707","10,386","835,119"
"10000712","University College Birmingham","2019-07-31","36,668","8,488","0","6,712","1,336","0","53,204","28,521","0","18,841","2,638","439","50,439"
"10007832","Birmingham Newman University","2019-07-31","20,375","1,185","17","2,696","32","12","24,317","14,272","0","6,931","1,248","139","22,590"
"10000894","Bristol Baptist College","2019-06-30","282","0","0","14","182","120","598","315","0","323","0","27","665"
"10004061","Bloomsbury Institute","2019-07-31","12,094","0","0","9","0","0","12,103","4,255","100","7,478","178","124","12,135"
"10000385","The Arts University Bournemouth","2019-07-31","32,546","2,772","125","7,109","89","20","42,661","19,582","73","15,463","5,318","1,701","42,137"
"10000824","Bournemouth University","2019-07-31","127,107","11,122","6,575","15,115","200","69","160,188","90,298","2,404","57,220","10,413","3,649","163,984"
"10031982","BPP University","2018-08-31","87,333","0","0","2,141","0","0","89,474","39,748","0","44,808","275","269","85,100"
"10007785","The University of Bradford","2019-07-31","78,565","13,005","7,308","9,414","574","294","109,160","86,647","533","33,546","7,776","1,551","130,053"
"10000886","The University of Brighton","2019-07-31","145,865","23,218","7,415","33,848","625","482","211,453","136,189","3,799","63,583","6,854","5,787","216,212"
"10000936","The University College of Osteopathy","2019-07-31","3,573","918","137","773","24","215","5,640","3,437","0","1,435","291","175","5,338"
"10007786","The University of Bristol","2019-07-31","288,788","94,342","173,485","142,383","4,993","2,900","706,891","471,143","0","238,227","43,897","23,023","776,290"
"10028216","Brit College","2018-12-31","2,827","0","0","1","4","0","2,832","1,087","0","1,297","64","1","2,449"
"10023464","Trinity College Bristol","2018-08-31","1,642","0","0","773","0","30","2,445","1,246","0","1,062","76","60","2,444"
"10000961","Brunel University London","2019-07-31","127,967","30,416","22,962","47,782","442","184","229,753","155,470","0","82,558","18,323","5,818","262,169"
"10000975","Buckinghamshire New University","2019-07-31","68,487","4,989","589","10,265","210","0","84,540","30,766","277","48,314","4,567","2,377","86,301"
"10008173","University of the Built Environment","2019-07-31","12,527","0","38","1,467","512","42","14,586","11,656","52","3,985","381","6","16,080"
"10010308","Cambridge Arts and Sciences Limited","2018-08-31","15,629","0","0","10,101","984","0","26,714","7,496","0","16,159","1,304","0","24,959"
"10007788","The University of Cambridge","2019-07-31","320,150","181,860","592,388","946,042","40,225","111,388","2,192,053","1,134,960","0","952,677","128,563","91,304","2,307,504"
"10032072","The Cambridge Theological Federation","2018-08-31","483","0","0","476","1","0","960","231","0","649","20","0","900"
"10003324","The Institute of Cancer Research","2019-07-31","2,629","45,212","67,362","38,028","2,432","11,735","167,398","92,470","0","43,674","6,280","918","143,342"
"10001143","Canterbury Christ Church University","2019-07-31","96,318","9,214","1,554","18,792","200","0","126,078","73,205","513","46,962","7,785","1,849","130,314"
"10007814","Cardiff University","2019-07-31","279,521","57,985","116,048","76,117","6,259","2,570","538,500","405,221","6,537","180,177","40,547","12,351","644,833"
"10007854","Cardiff Metropolitan University","2019-07-31","81,024","3,580","2,631","19,383","175","52","106,845","68,982","419","30,108","4,480","2,678","106,667"
"10024024","Central Film School","2018-08-31","1,191","0","0","0","0","0","1,191","514","0","989","45","30","1,578"
"10007848","University of Chester","2019-07-31","94,964","10,439","2,458","19,073","313","4","127,251","74,822","0","41,425","5,623","2,210","124,080"
"10007137","The University of Chichester","2019-07-31","39,901","3,702","1,307","10,576","6","30","55,522","33,642","858","17,216","5,267","2,345","59,328"
"10001386","Chicken Shed Theatre Company","2019-03-31","450","255","0","2,450","0","403","3,558","2,520","0","1,102","148","2","3,772"
"10001546","The College of Integrated Chinese Medicine","2018-11-30","1,115","0","0","82","1","0","1,198","420","0","661","17","11","1,109"
"10001419","Christie's Education Limited","2018-12-31","1,585","0","0","1","0","0","1,586","1,330","0","2,524","162","3","4,019"
"10026921","Christ the Redeemer College","2019-07-31","435","0","0","50","0","8","493","102","0","270","36","25","433"
"10001478","City St George's, University of London","2019-07-31","195,306","23,229","11,716","10,030","1,518","2,281","244,080","183,716","821","76,545","15,872","2,579","279,533"
"10007912","Cliff College","2018-08-31","620","0","0","1,064","16","364","2,064","874","0","1,136","163","0","2,173"
"10001653","Conservatoire for Dance and Drama","2019-07-31","14,660","8,313","0","0","10","0","22,983","472","0","22,332","6","0","22,810"
"10007761","Courtauld Institute of Art","2019-07-31","5,650","4,819","1,227","1,823","943","15,455","29,917","11,036","0","11,387","1,183","34","23,640"
"10034324","Court Theatre Training Company Ltd","2018-08-31","487","0","0","95","0","0","582","138","0","336","0","0","474"
"10001726","Coventry University","2019-07-31","310,099","26,993","11,553","51,494","3,143","179","403,461","205,224","0","145,222","24,666","13,793","388,905"
"10007822","Cranfield University","2019-07-31","76,700","21,100","42,217","36,359","140","6,693","183,209","110,966","0","81,268","12,791","2,092","207,117"
"10006427","University for the Creative Arts","2019-07-31","48,690","7,727","226","9,435","94","3","66,175","39,159","0","22,852","3,465","956","66,432"
"10007842","University of Cumbria","2019-07-31","46,620","5,661","375","6,826","79","14","59,575","39,757","565","19,185","3,792","1,089","64,388"
"10026767","Dartington Hall Trust (The)","2019-03-31","573","0","0","12,894","1,179","2,241","16,887","8,374","0","11,684","417","51","20,526"
"10015688","David Game College Ltd","2019-01-31","6,607","0","0","2,935","0","0","9,542","3,960","0","4,781","625","288","9,654"
"10001883","De Montfort University","2019-07-31","211,195","18,325","3,953","10,311","1,080","426","245,290","128,162","648","79,227","16,107","6,694","230,838"
"10007851","University of Derby","2019-07-31","138,739","22,211","1,774","28,807","917","5","192,453","106,949","1,874","63,977","17,966","3,466","194,232"
"10007852","The University of Dundee","2019-07-31","66,903","81,069","69,755","32,757","1,104","4,765","256,353","198,641","0","92,442","18,169","2,214","311,466"
"10007143","University of Durham","2019-07-31","209,299","39,432","51,415","67,270","4,802","8,804","381,022","280,215","0","127,030","28,564","16,311","452,120"
"10007789","The University of East Anglia","2019-07-31","158,351","34,703","55,904","54,340","1,188","3,148","307,634","231,576","0","102,135","21,859","5,091","360,661"
"10007144","The University of East London","2019-07-31","106,764","12,516","1,598","20,791","25","18","141,712","75,258","300","50,678","7,073","6,683","139,992"
"10032282","The Queen's Foundation for Ecumenical Theological Education","2018-08-31","1,953","0","0","223","80","78","2,334","1,352","0","787","232","0","2,371"
"10007823","Edge Hill University","2019-07-31","98,809","5,939","1,435","17,251","340","0","123,774","79,644","0","31,960","8,064","3,175","122,843"
"10007772","Edinburgh Napier University","2019-07-31","43,875","59,076","3,349","15,767","274","152","122,493","85,046","214","35,703","6,850","1,555","129,368"
"10007790","The University of Edinburgh","2019-07-31","346,850","195,819","285,654","234,018","17,413","21,750","1,101,504","756,130","0","383,033","63,758","33,014","1,235,935"
"10022047","Empire College London Limited","2019-03-31","658","0","0","0","0","0","658","299","0","171","12","0","482"
"10042570","Escape Studios","2018-12-31","7,420","0","0","88","0","0","7,508","5,016","363","6,881","1,317","0","13,577"
"10007791","The University of Essex","2019-07-31","135,723","23,832","30,901","55,272","808","59","246,595","160,723","0","93,679","11,744","15,869","282,015"
"10002313","ESCP Europe Business School","2018-12-31","8,397","1","210","865","40","595","10,108","5,585","0","4,387","136","0","10,108"
"10002344","European School of Osteopathy","2018-08-31","1,985","0","0","939","0","0","2,924","1,689","0","983","112","13","2,797"
"10007792","The University of Exeter","2019-07-31","247,898","47,006","86,965","62,751","1,408","3,250","449,278","330,399","0","142,261","46,323","6,514","525,497"
"10008640","Falmouth University","2019-07-31","53,143","3,967","1,026","6,504","188","0","64,828","27,182","0","30,172","3,651","641","61,646"
"10045476","Met Film School Limited","2018-09-30","4,559","0","0","2,519","0","0","7,078","3,530","0","3,157","151","(2)","6,836"
"10004511","The National Film and Television School","2019-07-31","6,792","5,204","836","2,649","0","895","16,376","5,898","0","8,212","1,500","256","15,866"
"10022087","Futureworks","2018-08-31","3,330","0","0","0","0","0","3,330","1,378","0","1,981","121","10","3,490"
"10042500","Global Banking School Limited","2019-02-28","0","0","0","4,449","0","0","4,449","1,034","0","2,830","10","14","3,888"
"10007762","Glasgow Caledonian University","2019-07-31","39,813","68,270","5,765","9,694","245","539","124,326","90,074","622","34,743","6,089","672","132,200"
"10002681","Glasgow School of Art","2019-07-31","16,323","14,551","3,217","17,357","(893)","0","50,555","25,698","13,386","11,411","1,966","271","52,732"
"10007794","The University of Glasgow","2019-07-31","228,234","162,824","195,064","80,236","7,195","14,343","687,896","464,072","0","251,211","33,464","8,460","757,207"
"10007145","University of Gloucestershire","2019-07-31","62,530","6,829","1,936","11,994","410","65","83,764","48,750","2,158","22,339","6,160","1,679","81,086"
"10002718","Goldsmiths College","2019-07-31","99,228","12,034","6,126","15,057","290","51","132,786","107,299","0","39,707","10,084","2,168","159,258"
"10006841","University of Greater Manchester","2019-07-31","54,122","24,645","444","6,747","87","23","86,068","49,448","49","31,647","5,062","1,152","87,358"
"10007146","The University of Greenwich","2019-07-31","143,223","20,084","14,071","31,776","584","124","209,862","103,057","752","81,471","7,213","7,935","200,428"
"10007825","Guildhall School of Music and Drama","2019-07-31","15,025","5,880","409","11,930","0","0","33,244","21,424","0","12,671","0","0","34,095"
"10040812","Harper Adams University","2019-07-31","20,639","9,025","3,172","9,700","57","1,592","44,185","23,873","0","14,141","4,250","844","43,108"
"10080811","Hartpury University","2019-07-31","15,247","11,844","0","11,971","2","1,000","40,064","20,843","0","13,143","2,409","1,190","37,585"
"10000163","Health Sciences University","2019-07-31","6,018","537","37","2,546","32","13","9,183","6,389","0","2,417","500","144","9,450"
"10007764","Heriot-Watt University","2019-07-31","123,537","48,104","33,582","32,433","1,357","1,091","240,104","148,975","46","103,946","12,415","4,851","270,233"
"10007147","University of Hertfordshire","2019-07-31","171,023","22,531","8,788","67,382","1,691","368","271,783","146,008","0","101,377","17,460","3,050","267,895"
"10007148","The University of Huddersfield","2019-07-31","132,657","16,047","12,674","8,034","3,104","1","172,517","112,423","645","48,999","8,289","1,624","171,980"
"10007149","The University of Hull","2019-07-31","126,614","25,722","11,525","27,826","814","755","193,256","138,341","3,779","65,940","16,808","2,089","226,957"
"10003239","ICON College of Technology and Management","2018-09-30","6,348","0","0","0","0","0","6,348","990","0","3,407","46","0","4,443"
"10003270","Imperial College of Science, Technology and Medicine","2019-07-31","313,177","156,766","368,020","152,132","7,105","76,554","1,073,754","651,205","2,774","376,340","78,890","20,411","1,129,620"
"10013220","Institute of Art - London Limited","2018-08-31","6,871","0","0","81","2","0","6,954","3,080","0","3,780","160","30","7,050"
"10067388","The Institute of Ismaili Studies","2018-12-31","0","0","0","19","2","14,138","14,159","6,955","0","7,448","124","0","14,527"
"10035638","Institute of Contemporary Music Performance","2019-05-31","6,393","0","0","37","0","0","6,430","3,423","0","2,507","209","72","6,211"
"10082728","INTO University Partnerships Limited","2019-07-31","18,309","0","0","71,119","1,145","0","90,573","40,919","0","31,093","3,426","(2,132)","73,306"
"10067601","JSA Education Group Ltd.","2019-07-31","0","0","0","0","0","0","0","11","0","23","0","0","34"
"10021682","Kaplan Open Learning (Essex) Limited","2018-12-31","6,319","0","0","1","0","0","6,320","1,802","26","3,349","60","0","5,237"
"10007767","Keele University","2019-07-31","80,460","22,370","17,079","46,890","1,765","280","168,844","132,985","0","59,022","7,852","4,547","204,406"
"10007150","The University of Kent","2019-07-31","163,501","29,579","19,565","52,069","938","783","266,435","203,223","6,911","90,584","21,474","4,226","326,418"
"10083476","The King's Foundation","2019-03-31","72","0","0","4,550","119","11,819","16,560","5,964","0","8,346","2,111","128","16,549"
"10003645","King's College London","2019-07-31","393,788","128,301","194,681","163,941","5,123","16,131","901,965","679,291","0","339,403","53,463","17,719","1,089,876"
"10008325","KLC School of Design","2018-08-31","3,673","0","0","31","53","0","3,757","2,084","0","1,812","86","0","3,982"
"10003678","Kingston University","2019-07-31","140,920","20,362","3,736","25,287","637","727","191,669","111,255","3,268","59,334","16,345","8,414","198,616"
"10003758","LAMDA Limited","2019-07-31","4,824","854","0","6,041","3","1,180","12,902","5,180","47","6,555","1,189","189","13,160"
"10007141","University of Lancashire","2019-07-31","159,417","32,377","7,454","34,426","1,164","0","234,838","162,044","0","76,378","8,559","2,841","249,822"
"10007768","The University of Lancaster","2019-07-31","152,193","34,003","42,041","81,809","696","8,678","319,420","220,887","61","106,871","21,091","5,031","353,941"
"10003854","Leeds Arts University","2019-07-31","17,274","3,348","0","157","55","0","20,834","11,341","0","5,917","1,292","160","18,710"
"10003861","Leeds Beckett University","2019-07-31","160,143","14,426","3,224","37,495","664","11","215,963","130,627","2,394","59,768","31,857","8,427","233,073"
"10003798","Le Cordon Bleu Limited","2018-12-31","9,414","0","0","362","13","0","9,789","2,649","0","6,010","510","341","9,510"
"10034449","Leeds Conservatoire","2019-07-31","10,987","573","0","750","1","5","12,316","8,897","68","4,160","955","197","14,277"
"10007795","The University of Leeds","2019-07-31","400,182","89,203","150,824","130,362","6,097","15,182","791,850","547,813","0","274,600","56,215","11,243","889,871"
"10003863","Leeds Trinity University","2019-07-31","26,803","1,244","58","4,741","91","1","32,938","20,893","0","8,723","2,892","685","33,193"
"10007796","The University of Leicester","2019-07-31","168,218","43,970","58,085","58,467","208","1,977","330,925","236,621","0","115,235","21,900","5,514","379,270"
"10007151","The University of Lincoln","2019-07-31","123,967","14,441","8,876","17,942","370","205","165,801","94,936","0","57,535","9,069","3,715","165,255"
"10007811","Lincoln Bishop University","2019-07-31","16,812","2,925","226","4,266","52","0","24,281","15,955","0","8,614","1,258","131","25,958"
"10003956","Liverpool Hope University","2019-07-31","41,820","3,077","487","6,387","131","396","52,298","31,873","0","13,340","4,249","1,176","50,638"
"10003957","Liverpool John Moores University","2019-07-31","185,421","21,211","9,544","4,169","952","261","221,558","140,434","0","64,100","9,621","5,646","219,801"
"10003945","The Liverpool Institute for Performing Arts","2019-07-31","8,721","2,101","0","1,271","13","40","12,146","7,028","0","3,285","805","66","11,184"
"10006842","The University of Liverpool","2019-07-31","309,014","71,117","98,653","86,377","8,517","1,882","575,560","388,147","1,984","205,351","38,584","11,088","645,154"
"10003958","Liverpool School of Tropical Medicine","2019-07-31","4,337","11,385","80,996","143,366","1,178","1,412","242,674","50,468","0","202,072","2,201","175","254,916"
"10007162","University of the Arts, London","2019-07-31","253,152","22,700","1,418","39,468","2,856","2,036","321,630","186,740","0","114,806","3,553","5,348","310,447"
"10013109","London Bridge Business Academy","2018-12-31","879","0","0","1","0","0","880","99","0","281","3","0","383"
"10007769","London Business School","2019-07-31","137,409","8,077","1,879","4,550","1,363","13,150","166,428","98,842","0","66,878","10,908","1,997","178,625"
"10007797","University of London (Institutes and activities)","2019-07-31","62,629","8,704","2,742","93,711","4,076","3,292","175,154","83,243","0","105,253","5,529","2,603","196,628"
"10039082","City and Guilds of London Art School","2018-08-31","1,881","0","0","44","22","1,003","2,950","1,437","0","1,000","53","0","2,490"
"10023434","London School of Commerce & IT Limited","2019-03-31","281","0","0","292","0","0","573","111","0","397","5","0","513"
"10004036","London Film School Limited","2018-08-31","4,174","0","0","530","1","0","4,705","1,755","0","1,973","59","0","3,787"
"10015506","The London College","2018-08-31","5,039","0","0","5","0","0","5,044","1,272","30","2,530","47","0","3,879"
"10004048","London Metropolitan University","2019-07-31","71,979","8,454","459","5,844","716","210","87,662","54,556","297","33,162","7,555","2,635","98,205"
"10032594","London School of Academics Ltd","2019-03-31","584","0","0","0","0","0","584","141","0","254","5","0","400"
"10004078","London South Bank University","2019-07-31","111,344","30,699","4,429","33,623","303","646","181,044","90,385","0","56,455","10,353","4,586","161,779"
"10004063","London School of Economics and Political Science","2019-07-31","227,406","60,132","33,267","78,140","4,667","17,190","420,802","264,809","0","124,368","13,528","9,016","411,721"
"10007771","London School of Hygiene and Tropical Medicine","2019-07-31","22,578","26,341","167,567","18,444","269","12,306","247,505","136,245","0","122,699","7,887","1,016","267,847"
"10022285","London School of Management Education","2018-08-31","1,326","0","0","1","0","0","1,327","514","0","429","37","0","980"
"10004075","London School of Theology","2018-08-31","2,304","0","0","540","343","231","3,418","1,888","0","1,579","226","0","3,693"
"10004079","London Studio Centre","2018-08-31","4,461","0","0","254","0","0","4,715","1,186","0","3,075","274","3","4,538"
"10062810","The London School of Architecture","2019-06-30","719","0","0","12","0","251","982","331","0","535","9","0","875"
"10008289","The London Institute of Banking & Finance","2019-07-31","14,828","0","0","1,941","135","18","16,922","8,487","0","9,410","191","0","18,088"
"10004035","The Film Education Training Trust Limited","2019-01-31","1,537","0","0","28","0","0","1,565","562","0","858","10","2","1,432"
"10067623","The London Interdisciplinary School Ltd","2019-07-31","0","0","0","0","0","0","0","205","0","549","0","39","793"
"10004113","Loughborough University","2019-07-31","163,832","36,076","38,927","70,473","621","1,887","311,816","221,281","0","100,868","28,174","5,830","356,153"
"10009612","Luther King House Educational Trust","2018-08-31","313","0","0","1,009","0","0","1,322","651","0","576","74","15","1,316"
"10004180","The Manchester Metropolitan University","2019-07-31","263,334","29,133","9,555","32,064","1,863","131","336,080","205,160","7,870","106,484","14,766","3,986","338,266"
"10007798","The University of Manchester","2019-07-31","479,359","131,653","323,528","149,572","7,639","6,138","1,097,889","705,521","7,430","378,674","78,800","23,601","1,194,026"
"10009527","Istituto Marangoni Limited","2018-12-31","13,767","0","0","10","771","0","14,548","3,074","0","4,611","464","0","8,149"
"10009527","Istituto Marangoni Limited","2019-06-30","9,429","0","0","10","402","0","9,841","1,796","0","2,750","261","0","4,807"
"10023452","The Markfield Institute of Higher Education","2018-12-31","368","0","0","63","0","97","528","315","0","222","1","0","538"
"10023453","Matrix College of Counselling and Psychotherapy Ltd","2018-08-31","313","0","0","3","0","0","316","127","0","145","3","0","275"
"10020416","Missio Dei","2019-06-30","489","0","0","596","3","1,133","2,221","989","0","1,202","59","3","2,253"
"10030776","St Mellitus College","2019-07-31","3,045","0","0","46","1","145","3,237","761","0","2,397","3","2","3,163"
"10004320","The Metanoia Institute","2018-08-31","1,434","0","52","1,995","4","0","3,485","2,515","0","796","75","0","3,386"
"10004351","Middlesex University","2019-07-31","157,608","17,775","4,529","31,632","411","220","212,175","119,245","0","68,687","11,601","6,811","206,344"
"10032277","The Minster Centre","2018-12-31","1,177","0","0","212","1","2","1,392","918","0","477","14","0","1,409"
"10004450","Mountview Academy of Theatre Arts","2018-08-31","5,200","87","0","1,446","17","139","6,889","3,419","0","3,219","29","0","6,667"
"10023777","Mont Rose College of Management and Sciences Limited","2018-08-31","7,235","0","0","1","0","0","7,236","1,928","0","2,957","119","0","5,004"
"10023454","Moorlands College","2019-06-30","1,398","0","0","568","4","73","2,043","1,218","0","840","117","0","2,175"
"10000216","All Nations Christian College Limited","2018-08-31","670","0","0","607","11","366","1,654","770","0","693","93","0","1,556"
"10053304","Navitas UK Holdings Limited","2019-06-30","0","0","0","44,518","0","0","44,518","13,912","0","30,039","173","(17)","44,107"
"10004538","Nazarene Theological College","2019-06-30","873","0","0","369","4","278","1,524","859","0","593","31","12","1,495"
"10030129","Nelson College London Ltd","2019-07-31","5,707","0","0","360","1","0","6,068","1,699","0","3,332","37","36","5,104"
"10007799","Newcastle University","2019-07-31","264,476","71,939","108,676","117,043","2,504","5,968","570,606","387,757","0","199,394","28,537","6,246","621,934"
"10045289","St Nicholas Montessori Training Limited","2018-08-31","538","0","0","673","1","0","1,212","671","0","310","1","0","982"
"10067406","New Model Institute for Technology and Engineering (NMITE)","2019-07-31","0","168","0","3,868","2","282","4,320","1,657","0","2,019","70","4","3,750"
"10048199","Northeastern University London","2018-08-31","1,714","0","0","19","0","0","1,733","3,131","0","3,174","1","0","6,306"
"10048199","Northeastern University London","2019-06-30","1,626","0","0","677","0","0","2,303","2,723","0","2,206","6","597","5,532"
"10008397","Norland College","2019-07-31","3,977","0","0","681","42","0","4,700","2,253","0","1,709","332","14","4,308"
"10007138","The University of Northampton","2019-07-31","92,472","7,000","1,139","23,968","400","440","125,419","67,833","0","50,799","11,822","11,454","141,908"
"10004740","Northern College of Acupuncture","2019-06-30","935","0","0","41","19","4","999","481","0","590","7","0","1,078"
"10001282","University of Northumbria at Newcastle","2019-07-31","193,770","20,347","8,620","30,830","325","266","254,158","166,007","0","77,558","20,168","5,875","269,608"
"10004775","Norwich University of the Arts","2019-07-31","20,536","1,910","137","1,202","243","37","24,065","11,472","0","6,420","1,166","239","19,297"
"10007154","University of Nottingham","2019-07-31","356,615","90,919","124,294","125,096","2,033","2,276","701,233","475,329","0","270,466","41,353","4,852","792,000"
"10004797","The Nottingham Trent University","2019-07-31","259,951","20,596","7,404","24,113","712","225","313,001","197,243","0","90,972","20,799","8,195","317,209"
"10010227","Oak Hill College","2019-07-31","1,036","0","0","9,350","113","922","11,421","5,821","0","4,006","1,283","0","11,110"
"10007773","The Open University","2019-07-31","301,240","94,951","13,639","29,010","7,094","3,251","449,185","411,876","14,345","125,459","6,738","1,766","560,184"
"10004930","Oxford Brookes University","2019-07-31","130,241","16,849","5,837","49,694","269","568","203,458","112,598","0","68,222","17,554","8,649","207,023"
"10007774","The University of Oxford","2019-07-31","353,837","193,116","624,743","1,061,214","104,631","112,595","2,450,136","1,337,125","0","1,066,796","145,231","33,087","2,582,239"
"10005127","Arts University Plymouth","2019-07-31","11,666","3,104","0","581","21","0","15,372","10,224","0","5,206","882","359","16,671"
"10007801","University of Plymouth","2019-07-31","150,786","32,406","12,861","43,630","1,339","458","241,480","139,775","21,879","74,867","15,843","6,452","258,816"
"10019178","Point Blank Music School","2018-12-31","5,773","0","0","118","12","0","5,903","2,237","0","1,908","145","0","4,290"
"10007155","The University of Portsmouth","2019-07-31","209,713","22,326","9,192","16,114","3,676","75","261,096","152,741","0","71,080","16,524","10,621","250,966"
"10005337","Queen Margaret University, Edinburgh","2019-07-31","13,923","16,171","2,192","6,842","85","305","39,518","26,712","0","11,683","5,735","1,432","45,562"
"10007775","Queen Mary University of London","2019-07-31","245,551","71,282","108,096","56,238","1,594","1,096","483,857","337,993","0","147,971","34,649","6,179","526,792"
"10025197","University Centre Quayside Limited","2019-02-28","1,524","0","0","0","8","0","1,532","943","0","413","50","0","1,406"
"10009292","Royal Academy of Dramatic Art","2019-07-31","3,716","823","0","7,074","123","2,416","14,152","5,591","0","7,522","779","0","13,892"
"10005544","Royal Academy of Dance","2019-07-31","825","0","0","23,025","32","48","23,930","12,984","0","9,897","421","141","23,443"
"10005389","Ravensbourne University London","2019-07-31","22,531","3,917","0","1,137","142","0","27,727","14,260","0","10,483","1,527","309","26,579"
"10005470","Richmond, The American International University in London","2019-06-30","18,853","0","0","4,445","0","6,821","30,119","11,036","0","18,009","793","170","30,008"
"10007802","The University of Reading","2019-07-31","183,632","30,537","39,389","54,584","5,974","7,499","321,615","248,021","0","116,521","31,100","5,306","400,948"
"10003331","Regent's University London","2019-07-31","37,978","0","0","6,025","294","6","44,303","21,621","0","20,416","2,857","1","44,895"
"10021100","Regents Theological College","2018-09-30","874","0","0","21,433","606","47,977","70,890","31,736","0","30,956","1,668","2,594","66,954"
"10023871","Results Consortium Limited","2019-03-31","800","82","0","0","0","0","882","285","0","405","2","0","692"
"10008455","Regent College London","2019-07-31","6,712","0","0","3,371","121","0","10,204","5,493","451","3,339","155","17","9,455"
"10005500","Robert Gordon University","2019-07-31","31,978","44,542","3,092","10,575","397","1,359","91,943","62,305","0","28,917","7,370","1,486","100,078"
"10007776","Roehampton University","2019-07-31","102,310","11,678","2,253","22,923","250","462","139,876","65,067","0","64,996","7,709","5,338","143,110"
"10020436","Royal School of Needlework (The)","2018-08-31","1,374","0","0","398","183","271","2,226","1,011","0","1,279","33","0","2,323"
"10005523","Rose Bruford College of Theatre and Performance","2019-07-31","6,699","920","1","1,867","10","3","9,500","4,346","0","4,685","407","47","9,485"
"10007835","Royal Academy of Music","2019-07-31","10,758","5,016","11","2,030","1,374","6,600","25,789","13,025","0","10,155","1,776","100","25,056"
"10005545","Royal Agricultural University","2019-07-31","11,309","1,874","148","5,474","58","2,180","21,043","10,314","0","8,496","934","505","20,249"
"10007777","Royal College of Art","2019-07-31","41,276","8,950","3,303","4,751","506","15,977","74,763","24,624","0","28,546","3,613","132","56,915"
"10007778","Royal College of Music","2019-07-31","12,755","6,162","438","2,169","1,804","8,092","31,420","17,714","0","10,630","1,478","208","30,030"
"10005561","Royal Conservatoire of Scotland","2019-07-31","10,510","12,247","63","991","193","279","24,283","18,051","0","4,805","894","0","23,750"
"10007816","The Royal Central School of Speech and Drama","2019-07-31","11,795","6,003","348","538","217","841","19,742","11,200","0","6,194","1,112","428","18,934"
"10005553","Royal Holloway and Bedford New College","2019-07-31","114,654","20,533","16,410","34,479","1,839","768","188,683","132,775","0","63,396","16,909","10,786","223,866"
"10007837","Royal Northern College of Music","2019-07-31","11,081","5,647","343","2,381","992","3,737","24,181","13,405","0","8,084","1,555","294","23,338"
"10007779","The Royal Veterinary College","2019-07-31","30,846","21,330","12,226","34,646","845","1,479","101,372","66,898","0","34,089","6,312","1,311","108,610"
"10007803","The University of St. Andrews","2019-07-31","104,644","39,005","39,420","61,379","3,702","9,298","257,448","178,204","0","87,324","13,744","5,444","284,716"
"10007839","SAE Education Limited","2019-06-30","5,553","0","0","3,753","0","0","9,306","3,279","0","5,737","730","81","9,827"
"10007782","St George's, University of London","2019-07-31","41,015","17,229","13,095","18,820","510","789","91,458","62,210","0","30,404","7,027","2,082","101,723"
"10008026","St Mary's University College","2019-07-31","3,838","4,520","9","737","39","1","9,144","6,202","0","2,190","308","92","8,792"
"10007843","St Mary's University, Twickenham","2019-07-31","37,703","4,063","415","9,593","20","568","52,362","33,980","0","13,864","4,347","365","52,556"
"10007156","The University of Salford","2019-07-31","154,255","19,454","8,010","26,499","859","284","209,361","151,264","0","67,521","14,153","5,162","238,100"
"10021256","William Booth College","2019-03-31","0","0","0","98,978","4,585","134,165","237,728","92,767","0","123,108","11,758","5,791","233,424"
"10007780","SOAS University of London","2019-07-31","61,473","8,793","8,534","6,357","1,122","3,488","89,767","76,423","2,487","27,765","6,327","495","113,497"
"10005700","SRUC","2019-07-31","7,422","26,238","14,447","34,714","280","31","83,132","46,017","1,087","27,811","7,850","681","83,446"
"10005790","Sheffield Hallam University","2019-07-31","233,747","27,166","9,333","14,938","1,014","346","286,544","196,730","0","78,079","24,150","5,189","304,148"
"10007157","The University of Sheffield","2019-07-31","331,406","86,093","183,243","107,086","2,267","5,605","715,700","485,872","0","222,874","93,415","16,413","818,574"
"10023458","The Sherwood Psychotherapy Training Institute Limited","2018-08-31","1,068","0","0","24","0","0","1,092","632","0","361","11","0","1,004"
"10007158","The University of Southampton","2019-07-31","250,701","79,641","122,209","118,316","7,867","5,576","584,310","408,373","0","194,707","34,288","17,319","654,687"
"10006022","Southampton Solent University","2019-07-31","85,564","7,216","250","19,634","137","402","113,203","64,596","0","37,362","7,094","2,860","111,912"
"10006299","University of Staffordshire","2019-07-31","90,742","12,050","1,401","14,256","508","149","119,106","57,167","0","38,133","10,553","3,101","108,954"
"10008098","Study Group","2018-12-31","104,250","0","0","33,749","1","0","138,000","35,041","(1,516)","87,482","3,233","725","124,965"
"10007804","The University of Stirling","2019-07-31","38,772","45,923","11,915","28,734","427","230","126,001","105,911","0","40,342","8,561","3,060","157,874"
"10037449","University of St Mark and St John","2019-07-31","21,193","1,088","270","5,770","150","0","28,471","11,619","349","13,009","1,847","1,006","27,830"
"10008010","Stranmillis University College","2019-07-31","3,982","5,764","45","2,388","34","0","12,213","8,023","0","3,188","1,330","119","12,660"
"10007805","The University of Strathclyde","2019-07-31","99,367","112,505","74,012","44,901","2,368","3,063","336,216","261,681","1,019","107,184","32,403","2,415","404,702"
"10014001","University of Suffolk","2019-07-31","49,411","3,083","410","3,142","58","37","56,141","29,153","0","25,020","3,130","1,317","58,620"
"10007159","The University of Sunderland","2019-07-31","117,972","9,419","1,926","6,785","74","1,854","138,030","79,376","1,571","51,447","9,121","4,811","146,326"
"10007160","The University of Surrey","2019-07-31","162,741","35,148","46,600","57,539","11,883","1,364","315,275","219,028","5,504","102,436","32,367","11,177","370,512"
"10007806","The University of Sussex","2019-07-31","191,456","32,481","38,033","56,199","2,386","3,095","323,650","200,890","0","114,262","20,316","8,714","344,182"
"10007855","Swansea University","2019-07-31","170,443","25,041","94,597","61,276","665","311","352,333","234,767","0","130,854","22,031","7,309","394,961"
"10007161","Teesside University","2019-07-31","110,749","15,448","3,244","15,061","395","157","145,054","90,389","0","39,136","10,975","1,262","141,762"
"10082743","ThinkSpace Education Limited","2019-07-31","206","0","0","4","0","0","210","63","0","126","1","0","190"
"10008017","Trinity Laban Conservatoire of Music and Dance","2019-07-31","13,643","6,095","0","4,797","245","3,371","28,151","19,081","0","10,034","1,464","153","30,732"
"10007858","University of Wales Trinity Saint David","2019-07-31","63,068","45,696","235","26,773","35","356","136,163","87,111","2,192","53,241","8,546","3,404","154,494"
"10067648","University Academy 92 Limited","2019-07-31","0","0","0","317","0","0","317","795","0","1,507","0","0","2,302"
"10068157","University Centre Peterborough","2019-07-31","0","325","0","3,657","5","6","3,993","1,894","0","2,086","42","0","4,022"
"10007114","University of the Highlands and Islands","2019-07-31","11,841","101,472","17,113","13,152","158","2,486","146,222","20,331","0","125,009","2,246","302","147,888"
"10007807","Ulster University","2019-07-31","80,779","89,536","29,054","16,568","1,461","920","218,318","163,023","0","68,253","17,631","1,668","250,575"
"10039956","The University of Law","2018-11-30","72,727","0","0","1,912","310","0","74,949","34,620","0","33,185","2,972","45","70,822"
"10007784","University College London","2019-07-31","553,855","213,479","481,083","190,283","7,870","40,509","1,487,079","1,045,636","0","531,123","86,140","8,464","1,671,363"
"10007793","University of South Wales","2019-07-31","135,871","27,560","6,636","25,908","1,286","1,683","198,944","115,476","0","57,720","14,430","5,829","193,455"
"10008574","The University of Wales (central functions)","2019-07-31","0","168","542","4,921","183","3","5,817","4,547","2","4,626","610","58","9,843"
"10007163","The University of Warwick","2019-07-31","344,496","61,392","137,822","136,852","2,698","5,262","688,522","480,002","0","227,472","47,485","9,730","764,689"
"10007361","Waverley Abbey College","2018-08-31","738","0","0","1,569","1","767","3,075","1,713","0","1,617","75","10","3,415"
"10007164","University of the West of England, Bristol","2019-07-31","203,894","24,957","13,823","40,492","841","61","284,068","171,747","0","84,528","19,732","4,839","280,846"
"10007800","The University of the West of Scotland","2019-07-31","30,717","77,289","3,326","8,630","134","60","120,156","74,747","835","28,879","18,719","5,436","128,616"
"10032288","West Dean College","2018-09-30","760","0","0","5,851","3,297","390","10,298","4,494","0","6,055","389","93","11,031"
"10006566","The University of West London","2019-07-31","77,483","11,765","797","20,074","199","453","110,771","50,973","244","40,882","5,969","3,659","101,727"
"10007165","The University of Westminster","2019-07-31","163,788","17,215","4,538","19,361","516","4,903","210,321","107,702","0","65,188","14,831","5,266","192,987"
"10003614","The University of Winchester","2019-07-31","61,834","3,244","514","14,714","217","2","80,525","46,873","0","29,026","5,345","2,183","83,427"
"10007166","The University of Wolverhampton","2019-07-31","130,528","19,240","4,234","32,025","310","212","186,549","119,900","0","48,659","12,424","2,402","183,385"
"10007139","University of Worcester","2019-07-31","76,969","6,472","1,230","12,000","220","21","96,912","55,051","0","32,976","4,464","4,111","96,602"
"10007833","Wrexham University","2019-07-31","25,911","3,816","143","5,984","111","0","35,965","22,152","648","10,727","2,202","851","36,580"
"10007657","Writtle University College","2019-07-31","7,332","5,547","0","3,093","99","16","16,087","9,881","56","5,844","1,584","382","17,747"
"10007713","York St John University","2019-07-31","54,861","3,859","196","11,009","137","14","70,076","37,843","0","24,137","4,650","1,026","67,656"
"10007167","The University of York","2019-07-31","188,525","53,722","75,613","70,409","1,549","1,972","391,790","295,021","0","118,721","32,550","8,769","455,061"
"","Total","","20,535,958","5,345,232","6,584,038","8,033,547","403,458","929,635","41,831,868","26,507,515","134,460","15,107,695","2,714,315","859,632","45,323,617"