﻿Title:,"Table 6 - Tuition fees and education contracts analysed by HE provider, domicile, mode, level, source"
Subtitle:,"Academic years 2016/17 to 2024/25"
Reference ID:,DT031 Table 6
Data source:,HESA / OfS
Data source link:,https://www.hesa.ac.uk/data-and-analysis/finances/table-6
Data file canonical link:,https://www.hesa.ac.uk/data-and-analysis/finances/table-6.csv
Licence:,Creative Commons Attribution 4.0 International Licence
Date:,2025
Filters:,Country of HE provider,All 
,Region of HE provider,All 
,Source of fee,Total 
,Academic year,2023/24 
,Financial Year End,All 
Search:,


"","","(£000s)"
"UKPRN","HE Provider","Financial Year End","Total Home fees","Total Rest of UK fees","Total UK fees","Total EU fees","Total UK and EU fees","Total Non-EU fees","Total Non-UK fees","Total HE course fees","Total research training support grants","Non-credit bearing course fees","FE course fees","Total tuition fees and education contracts","Of which: Net fee income relating to contracted out activity "
"10008071","AA School of Architecture","2024-07-31","","","1,429","","","","18,638","20,067","0","1,329","0","21,396","0"
"10007783","The University of Aberdeen","2024-07-31","17,897","11,704","29,601","3,364","32,965","57,071","","90,036","171","1,093","0","91,300",""
"10007849","Abertay University","2024-07-31","6,079","1,888","7,967","258","8,225","3,648","","11,873","0","0","141","12,014",""
"10007856","Aberystwyth University","2024-07-31","15,801","30,290","46,091","972","47,063","10,889","","57,952","0","829","0","58,781",""
"10067853","ACM Guildford Limited","2023-08-31","","","9,271","","","","169","9,440","0","0","1,337","10,777","0"
"10032036","Amity University [IN] London","2024-03-31","","","101","","","","1,119","1,220","0","0","0","1,220","0"
"10030497","Anglo Skills College","2024-02-28","","","42","","","","60","102","0","0","0","102","0"
"10000291","Anglia Ruskin University","2024-07-31","","","206,613","","","","73,865","280,478","19","1,504","505","282,506","0"
"10041898","Apex College","2023-12-31","","","1,140","","","","2,537","3,677","0","0","0","3,677","0"
"10005451","Arden University","2024-05-31","","","169,339","","","","15,223","184,562","0","0","0","184,562","0"
"10000381","Arts Educational Schools","2023-08-31","","","3,644","","","","676","4,320","0","5,850","0","10,170","0"
"10008899","The Ashridge (Bonar Law Memorial) Trust","2023-12-31","","","3,851","","","","0","3,851","0","0","0","3,851","0"
"10003212","Hult International Business School Ltd","2024-07-31","","","747","","","","17,293","18,040","0","0","0","18,040","0"
"10007759","Aston University","2024-07-31","","","97,585","","","","52,298","149,883","2,282","686","0","152,851","0"
"10038772","British Academy of Jewellery Limited","2024-06-30","","","7,181","","","","0","7,181","0","0","204","7,385","0"
"10007857","Bangor University","2024-07-31","21,521","32,642","54,163","1,844","56,007","32,694","","88,701","1,106","693","0","90,500",""
"10000571","Bath Spa University","2024-07-31","","","162,453","","","","14,104","176,557","0","0","0","176,557","24,277"
"10007850","The University of Bath","2024-07-31","","","110,996","","","","95,772","206,768","10,776","1,908","0","219,452","0"
"10000911","BCNO Limited","2023-08-31","","","0","","","","409","409","0","0","0","409","0"
"10007152","University of Bedfordshire","2024-07-31","","","54,478","","","","67,395","121,873","0","853","0","122,726","0"
"10005343","Queen's University Belfast","2024-07-31","77,551","13,430","90,981","5,398","96,379","61,189","","157,568","1,573","820","0","159,961",""
"10037544","BIMM University","2023-08-31","","","58,352","","","","10,365","68,717","0","0","3,877","72,594","0"
"10007810","Birmingham Christian College","2023-12-31","","","86","","","","85","171","0","43","4","218","0"
"10002011","Bird College","2024-07-31","","","4,072","","","","253","4,325","0","596","359","5,280","0"
"10007760","Birkbeck College","2024-07-31","","","44,090","","","","19,048","63,138","2,519","234","0","65,891","0"
"10007140","Birmingham City University","2024-07-31","","","201,324","","","","76,431","277,755","324","3,744","32","281,855","276"
"10006840","The University of Birmingham","2024-07-31","","","208,023","","","","244,007","452,030","2,327","1,920","0","456,277","0"
"10000712","University College Birmingham","2024-07-31","","","26,967","","","","31,848","58,815","596","0","280","59,691","0"
"10007832","Birmingham Newman University","2024-07-31","","","29,524","","","","0","29,524","0","0","0","29,524","1,313"
"10000894","Bristol Baptist College","2024-06-30","","","149","","","","53","202","0","97","0","299","0"
"10004061","Bloomsbury Institute","2024-07-31","","","1,797","","","","9,668","11,465","0","0","0","11,465","0"
"10000385","The Arts University Bournemouth","2024-07-31","","","29,556","","","","8,540","38,096","0","763","457","39,316","0"
"10000824","Bournemouth University","2024-07-31","","","109,540","","","","42,697","152,237","117","570","0","152,924","0"
"10031982","BPP University","2023-08-31","","","52,606","","","","133,209","185,815","0","0","0","185,815","0"
"10007785","The University of Bradford","2024-07-31","","","62,687","","","","60,287","122,974","0","1,326","0","124,300","0"
"10000886","The University of Brighton","2024-07-31","","","107,622","","","","27,373","134,995","1,240","330","0","136,565","0"
"10007786","The University of Bristol","2024-07-31","","","177,766","","","","240,704","418,470","34,865","6,561","0","459,896","0"
"10028216","Brit College","2024-06-30","","","4,815","","","","0","4,815","0","0","0","4,815","0"
"10023464","Trinity College Bristol","2023-08-31","","","1,277","","","","164","1,441","0","0","0","1,441","0"
"10000961","Brunel University London","2024-07-31","","","56,210","","","","97,999","154,209","1,507","2,353","0","158,069","0"
"10000975","Buckinghamshire New University","2024-07-31","","","157,118","","","","10,969","168,087","0","53","0","168,140","23,268"
"10008173","University of the Built Environment","2024-07-31","","","17,771","","","","2,263","20,034","0","0","0","20,034","0"
"10007787","The University of Buckingham","2023-12-31","","","19,111","","","","24,421","43,532","0","1,534","0","45,066","0"
"10019368","London College of Business Studies","2024-07-31","","","1,287","","","","0","1,287","0","131","0","1,418","0"
"10010308","Cambridge Arts and Sciences Limited","2023-08-31","","","599","","","","810","1,409","0","0","12,014","13,423","0"
"10007788","The University of Cambridge","2024-07-31","","","123,262","","","","236,032","359,294","21,228","34,788","0","415,310","0"
"10032072","The Cambridge Theological Federation","2023-08-31","","","0","","","","0","0","0","0","0","0","0"
"10003324","The Institute of Cancer Research","2024-07-31","","","929","","","","366","1,295","2,510","226","0","4,031","0"
"10001143","Canterbury Christ Church University","2024-07-31","","","259,896","","","","17,184","277,080","0","624","0","277,704","0"
"10007814","Cardiff University","2024-07-31","62,604","129,480","192,084","2,784","194,868","114,417","","309,285","11,971","7,029","0","328,285",""
"10086359","Caspian School of Academics","2024-06-30","","","1,491","","","","0","1,491","0","0","0","1,491","0"
"10007854","Cardiff Metropolitan University","2024-07-31","41,961","32,065","74,026","1,025","75,051","31,685","","106,736","355","0","258","107,349",""
"10057213","CEG UFP Limited","2023-08-31","","","204","","","","54,315","54,519","0","0","0","54,519","0"
"10001264","Central School of Ballet","2024-07-31","","","763","","","","880","1,643","0","288","0","1,931","0"
"10024024","Central Film School","2023-09-30","","","1,156","","","","350","1,506","0","147","0","1,653","0"
"10007848","University of Chester","2024-07-31","","","73,397","","","","41,291","114,688","0","519","0","115,207","0"
"10007137","The University of Chichester","2024-07-31","","","43,937","","","","3,246","47,183","0","201","0","47,384","80"
"10001386","Chicken Shed Theatre Company","2024-03-31","","","434","","","","0","434","0","0","0","434","0"
"10001546","The College of Integrated Chinese Medicine","2023-11-30","","","1,085","","","","75","1,160","0","138","0","1,298","0"
"10026921","Christ the Redeemer College","2024-07-31","","","2,043","","","","0","2,043","0","99","0","2,142","0"
"10010213","The City College","2024-06-30","","","1,424","","","","0","1,424","0","0","0","1,424","0"
"10001478","City St George's, University of London","2024-07-31","","","122,705","","","","111,247","233,952","371","8,193","0","242,516","0"
"10007912","Cliff College","2023-08-31","","","350","","","","16","366","0","60","0","426","0"
"10066502","The College of Health Ltd","2023-08-31","","","1,632","","","","621","2,253","0","32","0","2,285","0"
"10091065","Collective Acting Studio","2023-08-31","","","0","","","","0","0","0","0","0","0","0"
"10023442","The College of Osteopaths","2023-08-31","","","647","","","","0","647","0","0","0","647","0"
"10020038","Commonwealth College of Excellence","2024-06-30","","","432","","","","0","432","0","0","0","432","0"
"10081618","The Council of the Inns of Court","2023-12-31","","","1,755","","","","121","1,876","0","0","0","1,876","0"
"10007761","Courtauld Institute of Art","2024-07-31","","","4,221","","","","4,492","8,713","0","22","0","8,735","0"
"10034324","Court Theatre Training Company Ltd","2023-08-31","","","389","","","","0","389","0","0","0","389","0"
"10001726","Coventry University","2024-07-31","","","124,065","","","","203,086","327,151","0","7,360","318","334,829","0"
"10007822","Cranfield University","2024-07-31","","","24,291","","","","47,513","71,804","0","20,639","0","92,443","0"
"10006427","University for the Creative Arts","2024-07-31","","","73,224","","","","40,519","113,743","0","933","194","114,870","6,669"
"10007842","University of Cumbria","2024-07-31","","","51,899","","","","3,242","55,141","0","2,026","0","57,167","0"
"10015688","David Game College Ltd","2024-01-31","","","2,029","","","","0","2,029","0","0","9,723","11,752","0"
"10001883","De Montfort University","2024-07-31","","","122,866","","","","92,166","215,032","0","912","85","216,029","0"
"10007851","University of Derby","2024-07-31","","","104,793","","","","50,780","155,573","0","154","399","156,126","928"
"10007143","University of Durham","2024-07-31","","","123,914","","","","164,541","288,455","9,372","4,051","0","301,878","0"
"10067355","Dyson Technical Training Limited","2023-12-31","","","574","","","","0","574","0","0","0","574","0"
"10007789","The University of East Anglia","2024-07-31","","","112,591","","","","52,691","165,282","2,802","1,448","0","169,532","0"
"10007144","The University of East London","2024-07-31","","","107,902","","","","114,126","222,028","0","1,207","8,589","231,824","5,324"
"10032282","The Queen's Foundation for Ecumenical Theological Education","2023-08-31","","","914","","","","18","932","0","246","0","1,178","0"
"10007823","Edge Hill University","2024-07-31","","","99,691","","","","4,993","104,684","0","518","0","105,202","0"
"10007772","Edinburgh Napier University","2024-07-31","18,359","4,568","22,927","259","23,186","45,647","","68,833","0","2,291","0","71,124",""
"10007790","The University of Edinburgh","2024-07-31","27,000","81,900","108,900","25,400","134,300","363,255","","497,555","23,300","6,300","0","527,155",""
"10032295","Emmanuel Theological College","2023-08-31","","","480","","","","0","480","0","458","0","938","0"
"10082026","EM Normandie UK Ltd","2024-07-31","","","0","","","","0","0","0","0","0","0","0"
"10022047","Empire College London Limited","2024-03-31","","","1,123","","","","0","1,123","0","0","0","1,123","0"
"10089771","Engineering College of Technology Limited","2023-10-31","","","0","","","","0","0","0","0","0","0","0"
"10042570","Escape Studios","2024-07-31","","","6,327","","","","119","6,446","0","929","0","7,375","0"
"10007791","The University of Essex","2024-07-31","","","76,260","","","","102,465","178,725","39","1,311","0","180,075","0"
"10002313","ESCP Europe Business School","2023-12-31","","","363","","","","11,114","11,477","0","1,145","0","12,622","0"
"10007792","The University of Exeter","2024-07-31","","","200,201","","","","137,586","337,787","6,380","6,404","0","350,571","0"
"10008640","Falmouth University","2024-07-31","","","59,261","","","","5,982","65,243","0","57","0","65,300","1,631"
"10045476","Met Film School Limited","2023-09-30","","","2,485","","","","8,030","10,515","0","0","0","10,515","0"
"10004511","The National Film and Television School","2024-07-31","","","2,975","","","","3,275","6,250","0","2,396","0","8,646","0"
"10022087","Futureworks","2023-08-31","","","3,700","","","","54","3,754","0","28","0","3,782","0"
"10042500","Global Banking School Limited","2024-02-29","","","11,659","","","","0","11,659","0","0","0","11,659","0"
"10007762","Glasgow Caledonian University","2024-07-31","27,387","1,777","29,164","423","29,587","48,544","","78,131","0","3,479","0","81,610",""
"10002681","Glasgow School of Art","2024-07-31","2,394","3,418","5,812","890","6,702","16,167","","22,869","0","770","0","23,639",""
"10007794","The University of Glasgow","2024-07-31","43,339","24,896","68,235","9,057","77,292","293,257","","370,549","17,412","7,237","0","395,198",""
"10007145","University of Gloucestershire","2024-07-31","","","46,895","","","","15,723","62,618","0","4,686","0","67,304","0"
"10002718","Goldsmiths College","2024-07-31","","","39,402","","","","58,785","98,187","509","2,338","0","101,034","0"
"10006841","University of Greater Manchester","2024-07-31","","","61,789","","","","19,407","81,196","0","1,017","2,497","84,710","0"
"10007146","The University of Greenwich","2024-07-31","","","139,451","","","","116,623","256,074","0","1,282","0","257,356","765"
"10007825","Guildhall School of Music and Drama","2024-03-31","","","6,914","","","","5,677","12,591","0","5,083","0","17,674","0"
"10040812","Harper Adams University","2024-07-31","","","20,262","","","","1,718","21,980","0","0","0","21,980","0"
"10080811","Hartpury University","2024-07-31","","","18,167","","","","2,320","20,487","0","235","766","21,488","0"
"10000163","Health Sciences University","2024-07-31","","","7,588","","","","3,210","10,798","0","617","27","11,442","0"
"10007764","Heriot-Watt University","2024-07-31","12,900","7,381","20,281","6,609","26,890","112,670","","139,560","5,326","1,972","0","146,858",""
"10007147","University of Hertfordshire","2024-07-31","","","95,038","","","","191,878","286,916","511","1,942","0","289,369","5,130"
"10020118","Higher Rhythm Limited","2024-03-31","","","0","","","","0","0","0","0","0","0","0"
"10007148","The University of Huddersfield","2024-07-31","","","89,671","","","","33,856","123,527","652","7,130","0","131,309","6,305"
"10007149","The University of Hull","2024-07-31","","","80,916","","","","45,432","126,348","836","733","0","127,917","0"
"10003239","ICON College of Technology and Management","2023-09-30","","","8,110","","","","0","8,110","0","0","0","8,110","0"
"10003270","Imperial College of Science, Technology and Medicine","2024-07-31","","","109,034","","","","354,949","463,983","26,209","17,289","0","507,481","0"
"10003284","Inchbald School of Design Limited","2024-07-31","","","332","","","","258","590","0","731","0","1,321","0"
"10057622","The School of Information Risk Management","2024-07-31","","","107","","","","0","107","0","0","0","107","0"
"10013220","Institute of Art - London Limited","2023-08-31","","","592","","","","5,659","6,251","0","2,036","0","8,287","0"
"10067388","The Institute of Ismaili Studies","2023-12-31","","","0","","","","0","0","0","0","0","0","0"
"10035638","Institute of Contemporary Music Performance","2023-08-31","","","6,639","","","","4,649","11,288","0","578","0","11,866","0"
"10027603","International College of Musical Theatre","2023-09-30","","","104","","","","31","135","0","445","0","580","0"
"10082728","INTO University Partnerships Limited","2024-07-31","","","0","","","","13,756","13,756","0","0","54,055","67,811","0"
"10029682","The Islamic College","2023-08-31","","","431","","","","168","599","0","300","0","899","0"
"10067601","JSA Education Group Ltd.","2024-07-31","","","1,273","","","","338","1,611","0","350","0","1,961","0"
"10082570","Kaplan International Colleges U.K. Limited","2023-12-30","","","234","","","","14,947","15,181","0","122,463","0","137,644","0"
"10021682","Kaplan Open Learning (Essex) Limited","2023-12-31","","","6,019","","","","9,783","15,802","0","0","0","15,802","0"
"10007767","Keele University","2024-07-31","","","84,870","","","","17,876","102,746","0","0","0","102,746","0"
"10007150","The University of Kent","2024-07-31","","","110,406","","","","45,608","156,014","2,086","470","0","158,570","0"
"10083476","The King's Foundation","2024-03-31","","","43","","","","75","118","0","0","0","118","0"
"10003645","King's College London","2024-07-31","","","207,367","","","","364,098","571,465","16,556","42,476","0","630,497","2,280"
"10003678","Kingston University","2024-07-31","","","105,515","","","","67,030","172,545","693","3,376","395","177,009","0"
"10003758","LAMDA Limited","2024-07-31","","","1,800","","","","3,593","5,393","0","1,007","0","6,400","0"
"10007141","University of Lancashire","2024-07-31","","","129,639","","","","79,993","209,632","0","2,174","4,987","216,793","972"
"10007768","The University of Lancaster","2024-07-31","","","100,040","","","","104,037","204,077","1,071","1,660","0","206,808","0"
"10003854","Leeds Arts University","2024-07-31","","","17,668","","","","3,140","20,808","0","32","266","21,106","0"
"10003861","Leeds Beckett University","2024-07-31","","","141,641","","","","55,408","197,049","0","2,313","0","199,362","2,625"
"10003798","Le Cordon Bleu Limited","2023-12-31","","","1,355","","","","5,418","6,773","0","2,383","0","9,156","0"
"10034449","Leeds Conservatoire","2024-07-31","","","11,670","","","","1,892","13,562","0","0","0","13,562","0"
"10007795","The University of Leeds","2024-07-31","","","197,377","","","","335,346","532,723","12,681","19,724","0","565,128","0"
"10003863","Leeds Trinity University","2024-07-31","","","56,230","","","","1,025","57,255","0","45","0","57,300","0"
"10082828","College of Legal Practice Limited","2024-06-30","","","1,371","","","","270","1,641","0","0","0","1,641","0"
"10007796","The University of Leicester","2024-07-31","","","113,218","","","","72,080","185,298","5,017","2,177","0","192,492","0"
"10007151","The University of Lincoln","2024-07-31","","","114,327","","","","50,198","164,525","0","833","241","165,599","0"
"10007811","Lincoln Bishop University","2024-07-31","","","14,301","","","","742","15,043","0","0","0","15,043","0"
"10036456","Academy of Live Technology Ltd","2023-12-31","","","1,464","","","","0","1,464","0","0","0","1,464","0"
"10003956","Liverpool Hope University","2024-07-31","","","39,124","","","","2,673","41,797","0","1,821","0","43,618","0"
"10003957","Liverpool John Moores University","2024-07-31","","","186,554","","","","19,382","205,936","0","11,423","0","217,359","0"
"10031239","LMA","2024-06-30","","","0","","","","0","0","0","0","0","0","0"
"10003945","The Liverpool Institute for Performing Arts","2024-07-31","","","7,299","","","","4,046","11,345","0","680","0","12,025","0"
"10006842","The University of Liverpool","2024-07-31","","","173,917","","","","170,599","344,516","11,001","11,584","0","367,101","0"
"10003958","Liverpool School of Tropical Medicine","2024-07-31","","","635","","","","534","1,169","334","548","0","2,051","0"
"10007162","University of the Arts, London","2024-07-31","","","89,110","","","","242,148","331,258","0","27,196","13,767","372,221","0"
"10013109","London Bridge Business Academy","2023-12-31","","","958","","","","0","958","0","0","0","958","0"
"10007769","London Business School","2024-07-31","","","18,743","","","","98,313","117,056","0","63,668","0","180,724","0"
"10030391","London Churchill College Ltd","2023-11-30","","","3,775","","","","0","3,775","0","0","0","3,775","0"
"10007797","University of London (Institutes and activities)","2024-07-31","","","8,791","","","","78,484","87,275","0","562","0","87,837","0"
"10039082","City and Guilds of London Art School","2023-08-31","","","1,576","","","","320","1,896","0","61","889","2,846","0"
"10023434","London School of Commerce & IT Limited","2024-03-31","","","346","","","","0","346","0","0","0","346","0"
"10004036","London Film School Limited","2023-08-31","","","803","","","","4,901","5,704","0","0","0","5,704","0"
"10015506","The London College","2024-07-31","","","5,062","","","","0","5,062","0","0","0","5,062","0"
"10004048","London Metropolitan University","2024-07-31","","","88,946","","","","39,272","128,218","0","1,653","0","129,871","0"
"10032594","London School of Academics Ltd","2024-03-31","","","778","","","","0","778","0","0","0","778","0"
"10004078","London South Bank University","2024-07-31","","","96,044","","","","32,854","128,898","0","5,130","3,579","137,607","0"
"10004063","London School of Economics and Political Science","2024-07-31","","","65,719","","","","201,030","266,749","0","49,689","0","316,438","0"
"10007771","London School of Hygiene and Tropical Medicine","2024-07-31","","","3,841","","","","19,058","22,899","0","1,784","0","24,683","0"
"10022285","London School of Management Education","2023-08-31","","","4,727","","","","0","4,727","0","0","0","4,727","0"
"10004075","London School of Theology","2023-08-31","","","1,346","","","","624","1,970","0","54","0","2,024","0"
"10004079","London Studio Centre","2024-07-31","","","3,402","","","","750","4,152","0","0","0","4,152","0"
"10029147","London School of Jewish Studies","2024-07-31","","","116","","","","61","177","0","0","0","177","0"
"10062810","The London School of Architecture","2024-06-30","","","860","","","","126","986","0","0","0","986","0"
"10065543","London Brookes College","2024-03-31","","","0","","","","0","0","0","0","1,019","1,019","0"
"10004035","The Film Education Training Trust Limited","2024-01-31","","","1,004","","","","1,976","2,980","0","464","0","3,444","0"
"10067623","The London Interdisciplinary School Ltd","2024-06-30","","","1,103","","","","133","1,236","0","0","0","1,236","0"
"10004113","Loughborough University","2024-07-31","","","116,635","","","","68,712","185,347","0","1,322","140","186,809","0"
"10009612","Luther King House Educational Trust","2023-08-31","","","164","","","","17","181","0","9","0","190","0"
"10042679","International Business College Manchester Limited","2024-01-31","","","54","","","","225","279","0","520","0","799","0"
"10004180","The Manchester Metropolitan University","2024-07-31","","","272,560","","","","80,204","352,764","0","1,020","0","353,784","0"
"10007798","The University of Manchester","2024-07-31","","","232,353","","","","454,574","686,927","37","27,334","0","714,298","2,488"
"10009527","Istituto Marangoni Limited","2024-06-30","","","2,644","","","","23,855","26,499","0","382","1,104","27,985","0"
"10023452","The Markfield Institute of Higher Education","2023-12-31","","","434","","","","51","485","0","42","0","527","0"
"10023453","Matrix College of Counselling and Psychotherapy Ltd","2023-08-31","","","555","","","","0","555","0","0","0","555","0"
"10020416","Missio Dei","2024-06-30","","","662","","","","0","662","0","0","0","662","0"
"10083397","College of Medicine and Dentistry","2023-08-31","","","489","","","","5,391","5,880","0","0","0","5,880","0"
"10030776","St Mellitus College","2024-07-31","","","1,972","","","","0","1,972","0","1,170","88","3,230","0"
"10004320","The Metanoia Institute","2023-08-31","","","2,439","","","","21","2,460","0","2,722","0","5,182","0"
"10004351","Middlesex University","2024-07-31","","","70,244","","","","64,750","134,994","0","11,795","0","146,789","0"
"10032277","The Minster Centre","2024-06-30","","","436","","","","0","436","0","1,215","0","1,651","0"
"10049370","MLA College","2023-09-30","","","332","","","","775","1,107","0","0","0","1,107","0"
"10004450","Mountview Academy of Theatre Arts","2023-08-31","","","5,005","","","","953","5,958","0","867","0","6,825","0"
"10023777","Mont Rose College of Management and Sciences Limited","2023-08-31","","","4,760","","","","0","4,760","0","0","0","4,760","0"
"10023454","Moorlands College","2024-06-30","","","971","","","","53","1,024","0","9","7","1,040","0"
"10055902","Multiverse","2024-03-31","","","52,608","","","","0","52,608","0","0","0","52,608","0"
"10001444","National Centre for Circus Arts","2023-08-31","","","428","","","","305","733","0","471","0","1,204","0"
"10000216","All Nations Christian College Limited","2023-08-31","","","204","","","","190","394","0","184","0","578","0"
"10090839","National Institute of Teaching","2024-07-31","","","4,130","","","","19","4,149","0","7,306","0","11,455","0"
"10053304","Navitas UK Holdings Limited","2024-06-30","","","0","","","","0","0","0","0","0","0","0"
"10004538","Nazarene Theological College","2024-06-30","","","591","","","","260","851","0","27","0","878","0"
"10030129","Nelson College London Ltd","2024-07-31","","","14,757","","","","0","14,757","0","0","0","14,757","0"
"10023456","Newbold College","2023-12-31","","","288","","","","212","500","0","0","22","522","0"
"10007799","Newcastle University","2024-07-31","","","164,590","","","","149,190","313,780","4,722","3,865","0","322,367","0"
"10067406","New Model Institute for Technology and Engineering (NMITE)","2024-07-31","","","653","","","","0","653","0","89","0","742","0"
"10048199","Northeastern University London","2024-06-30","","","5,173","","","","2,962","8,135","0","238","52","8,425","0"
"10008397","Norland College","2024-07-31","","","4,292","","","","167","4,459","0","0","0","4,459","0"
"10007138","The University of Northampton","2024-07-31","","","98,438","","","","51,864","150,302","0","8,973","0","159,275","3,356"
"10008816","Northern School of Contemporary Dance","2024-07-31","","","1,912","","","","741","2,653","0","290","0","2,943","0"
"10004740","Northern College of Acupuncture","2024-06-30","","","961","","","","0","961","0","43","0","1,004","0"
"10001282","University of Northumbria at Newcastle","2024-07-31","","","166,016","","","","99,196","265,212","2,716","7,661","0","275,589","0"
"10004775","Norwich University of the Arts","2024-07-31","","","23,545","","","","2,785","26,330","0","0","0","26,330","0"
"10007154","University of Nottingham","2024-07-31","","","229,667","","","","183,636","413,303","18,523","5,808","0","437,634","0"
"10004797","The Nottingham Trent University","2024-07-31","","","249,867","","","","104,554","354,421","0","1,183","5,611","361,215","0"
"10007773","The Open University","2024-07-31","","","377,276","","","","27,824","405,100","1,630","773","0","407,503","0"
"10004930","Oxford Brookes University","2024-07-31","","","132,467","","","","46,911","179,378","0","1,836","53","181,267","7,948"
"10007774","The University of Oxford","2024-07-31","","","136,797","","","","275,709","412,506","59,650","78,836","0","550,992","0"
"10064423","Oxford International Education Group","2023-08-31","","","444","","","","32,245","32,689","0","46,211","0","78,900","0"
"10066143","Paris Dauphine International","2024-07-31","","","73","","","","1,707","1,780","105","64","0","1,949","0"
"10083464","Peking University HSBC Business School UK Campus","2023-12-31","","","0","","","","1,276","1,276","0","0","0","1,276","0"
"10004028","The Place, London Contemporary Dance School (LCDS)","2024-07-31","","","1,448","","","","1,719","3,167","0","1,098","0","4,265","0"
"10005127","Arts University Plymouth","2024-07-31","","","8,435","","","","929","9,364","0","42","48","9,454","0"
"10007801","University of Plymouth","2024-07-31","","","122,738","","","","37,296","160,034","1,395","647","0","162,076","0"
"10019178","Point Blank Music School","2023-12-31","","","5,414","","","","3,090","8,504","0","1,780","0","10,284","0"
"10007155","The University of Portsmouth","2024-07-31","","","126,488","","","","87,285","213,773","62","5,546","0","219,381","2,665"
"10005337","Queen Margaret University, Edinburgh","2024-07-31","7,449","1,659","9,108","4,223","13,331","6,508","","19,839","0","0","0","19,839",""
"10007775","Queen Mary University of London","2024-07-31","","","151,776","","","","227,481","379,257","0","5,103","0","384,360","0"
"10025197","University Centre Quayside Limited","2024-02-28","","","923","","","","0","923","0","0","1,513","2,436","0"
"10009292","Royal Academy of Dramatic Art","2024-07-31","","","1,434","","","","704","2,138","0","2,359","0","4,497","0"
"10005544","Royal Academy of Dance","2024-07-31","","","916","","","","132","1,048","0","0","0","1,048","0"
"10005378","Rambert School","2024-07-31","","","934","","","","1,102","2,036","0","18","0","2,054","0"
"10005389","Ravensbourne University London","2024-07-31","","","29,878","","","","25,094","54,972","0","0","304","55,276","2,395"
"10005470","Richmond, The American International University in London","2024-06-30","","","1,365","","","","14,459","15,824","0","0","0","15,824","0"
"10007802","The University of Reading","2024-07-31","","","111,267","","","","84,532","195,799","4,593","9,824","0","210,216","0"
"10086591","Regent's University London Limited","2024-06-30","","","8,011","","","","36,444","44,455","0","2,210","0","46,665","0"
"10021100","Regents Theological College","2023-09-30","","","733","","","","20","753","0","70","0","823","0"
"10023871","Results Consortium Limited","2024-07-31","","","2,891","","","","0","2,891","0","0","95","2,986","0"
"10062833","Raindance Educational Services Limited","2023-10-31","","","193","","","","144","337","0","0","0","337","0"
"10008455","Regent College London","2024-07-31","","","33,100","","","","7,165","40,265","0","0","0","40,265","0"
"10005500","Robert Gordon University","2024-07-31","17,465","2,504","19,969","1,222","21,191","30,028","","51,219","142","1,063","0","52,424",""
"10007776","Roehampton University","2024-07-31","","","49,148","","","","60,772","109,920","0","189","0","110,109","0"
"10020436","Royal School of Needlework (The)","2023-08-31","","","0","","","","0","0","0","413","768","1,181","0"
"10005523","Rose Bruford College of Theatre and Performance","2024-07-31","","","6,897","","","","1,438","8,335","0","485","0","8,820","0"
"10007835","Royal Academy of Music","2024-07-31","","","4,560","","","","7,414","11,974","0","1,130","0","13,104","0"
"10005545","Royal Agricultural University","2024-07-31","","","7,350","","","","1,587","8,937","0","3,233","0","12,170","0"
"10007777","Royal College of Art","2024-07-31","","","8,752","","","","66,669","75,421","0","542","0","75,963","0"
"10007778","Royal College of Music","2024-07-31","","","4,817","","","","12,314","17,131","0","2,414","0","19,545","0"
"10005561","Royal Conservatoire of Scotland","2024-07-31","1,804","1,983","3,787","485","4,272","4,756","","9,028","0","3,233","0","12,261",""
"10007816","The Royal Central School of Speech and Drama","2024-07-31","","","6,809","","","","4,201","11,010","0","768","0","11,778","0"
"10005553","Royal Holloway and Bedford New College","2024-07-31","","","89,079","","","","47,306","136,385","3,952","115","0","140,452","0"
"10007837","Royal Northern College of Music","2024-07-31","","","5,113","","","","7,730","12,843","0","1,197","0","14,040","0"
"10007779","The Royal Veterinary College","2024-07-31","","","12,195","","","","31,699","43,894","699","1,229","0","45,822","835"
"10007803","The University of St. Andrews","2024-07-31","6,671","26,921","33,592","14,418","48,010","100,442","","148,452","3,370","6,851","0","158,673",""
"10007839","SAE Education Limited","2023-08-31","","","5,884","157","6,041","577","","6,618","0","40","0","6,658",""
"10008026","St Mary's University College","2024-07-31","4,324","0","4,324","0","4,324","0","","4,324","0","0","0","4,324",""
"10007843","St Mary's University, Twickenham","2024-07-31","","","33,778","","","","8,851","42,629","0","866","0","43,495","0"
"10007156","The University of Salford","2024-07-31","","","158,430","","","","58,509","216,939","1,081","2,997","0","221,017","0"
"10021256","William Booth College","2024-03-31","","","0","","","","0","0","0","0","0","0","0"
"10008362","London School of Science and Technology Limited","2024-06-30","","","386","","","","0","386","0","0","0","386","0"
"10007780","SOAS University of London","2024-07-31","","","36,328","","","","44,725","81,053","0","1,352","0","82,405","0"
"10005700","SRUC","2024-07-31","3,558","399","3,957","0","3,957","105","","4,062","0","0","9","4,071",""
"10005790","Sheffield Hallam University","2024-07-31","","","195,719","","","","56,266","251,985","261","102","1,591","253,939","3,941"
"10007157","The University of Sheffield","2024-07-31","","","155,920","","","","214,594","370,514","23,811","7,494","0","401,819","0"
"10023458","The Sherwood Psychotherapy Training Institute Limited","2023-08-31","","","969","","","","0","969","0","338","33","1,340","0"
"10007158","The University of Southampton","2024-07-31","","","125,355","","","","220,102","345,457","17,818","9,315","0","372,590","0"
"10006022","Southampton Solent University","2024-07-31","","","57,400","","","","18,441","75,841","0","5,604","1,394","82,839","0"
"10088214","S P Jain London School of Management Limited","2024-03-31","","","58","","","","236","294","0","0","0","294","0"
"10006093","Spurgeon's College","2024-07-31","","","509","","","","29","538","0","223","0","761","0"
"10006299","University of Staffordshire","2024-07-31","","","119,856","","","","12,208","132,064","0","1,162","0","133,226","0"
"10008098","Study Group","2023-12-31","","","0","","","","36,550","36,550","0","0","52,706","89,256","0"
"10004747","St Hild College","2023-08-31","","","602","","","","0","602","0","10","0","612","0"
"10007804","The University of Stirling","2024-07-31","15,308","8,580","23,888","3,451","27,339","40,368","","67,707","597","756","0","69,060",""
"10037449","University of St Mark and St John","2024-07-31","","","20,453","","","","0","20,453","0","0","0","20,453","0"
"10008010","Stranmillis University College","2024-07-31","4,866","31","4,897","19","4,916","63","","4,979","0","0","0","4,979",""
"10022944","Stratford College London (SCL)","2023-08-31","","","0","","","","0","0","0","134","45","179","0"
"10007805","The University of Strathclyde","2024-07-31","31,037","9,152","40,189","3,607","43,796","68,633","","112,429","6,739","5,212","0","124,380",""
"10014001","University of Suffolk","2024-07-31","","","110,258","","","","2,095","112,353","72","407","0","112,832","24,455"
"10007159","The University of Sunderland","2024-07-31","","","83,973","","","","108,287","192,260","104","1,763","342","194,469","7,455"
"10007160","The University of Surrey","2024-07-31","","","93,363","","","","62,705","156,068","5,544","1,626","0","163,238","0"
"10007806","The University of Sussex","2024-07-31","","","109,622","","","","112,383","222,005","64","2,528","0","224,597","0"
"10007855","Swansea University","2024-07-31","60,653","76,569","137,222","4,312","141,534","71,692","","213,226","0","80","0","213,306",""
"10013122","Sysco Business Skills Academy Limited","2024-07-31","","","0","","","","0","0","0","0","0","0","0"
"10020381","Tavistock and Portman NHS Foundation Trust","2024-03-31","","","0","","","","0","0","0","2,163","0","2,163","0"
"10083403","The Engineering and Design Institute London","2024-07-31","","","977","","","","116","1,093","0","75","0","1,168","0"
"10007161","Teesside University","2024-07-31","","","90,801","","","","81,795","172,596","195","1,629","0","174,420","0"
"10082743","ThinkSpace Education Limited","2024-07-31","","","313","","","","783","1,096","0","555","0","1,651","0"
"10008017","Trinity Laban Conservatoire of Music and Dance","2024-07-31","","","8,752","","","","5,102","13,854","0","2,098","0","15,952","0"
"10007858","University of Wales Trinity Saint David","2024-07-31","33,104","55,441","88,545","1,519","90,064","9,423","","99,487","0","0","1,249","100,736",""
"10067648","University Academy 92 Limited","2024-07-31","","","0","","","","0","0","0","0","0","0","0"
"10068157","University Centre Peterborough","2024-07-31","","","3,779","","","","0","3,779","0","0","0","3,779","254"
"10007114","University of the Highlands and Islands","2024-07-31","9,598","1,135","10,733","141","10,874","1,277","","12,151","20","949","0","13,120",""
"10007807","Ulster University","2024-07-31","90,573","2,466","93,039","6,653","99,692","31,651","","131,343","6","428","0","131,777",""
"10039956","The University of Law","2024-05-31","","","128,230","","","","29,178","157,408","0","3,221","0","160,629","0"
"10007784","University College London","2024-07-31","","","181,709","","","","692,260","873,969","43,613","37,790","0","955,372","0"
"10007793","University of South Wales","2024-07-31","61,489","33,102","94,591","2,441","97,032","61,315","","158,347","0","3,514","52","161,913",""
"10008574","The University of Wales (central functions)","2024-07-31","0","0","0","0","0","0","","0","0","0","0","0",""
"10089591","Walbrook Institute London Limited","2023-12-31","","","1,836","","","","33","1,869","0","0","0","1,869","0"
"10029843","Waltham International College Limited","2024-07-31","","","0","","","","0","0","0","0","0","0","0"
"10007163","The University of Warwick","2024-07-31","","","157,237","","","","280,347","437,584","13,013","4,700","4,314","459,611","0"
"10007361","Waverley Abbey College","2023-08-31","","","1,136","","","","5","1,141","0","232","0","1,373","0"
"10007164","University of the West of England, Bristol","2024-07-31","","","192,765","","","","92,126","284,891","290","2,656","0","287,837","0"
"10007800","The University of the West of Scotland","2024-07-31","20,169","6,712","26,881","0","26,881","57,499","","84,380","0","567","0","84,947",""
"10032288","West Dean College","2023-09-30","","","1,700","","","","1,011","2,711","0","5,126","0","7,837","0"
"10006566","The University of West London","2024-07-31","","","109,367","","","","51,180","160,547","0","209","95","160,851","0"
"10007165","The University of Westminster","2024-07-31","","","112,612","","","","97,561","210,173","78","1,705","0","211,956","0"
"10003614","The University of Winchester","2024-07-31","","","53,346","","","","7,881","61,227","(15)","582","0","61,794","0"
"10007166","The University of Wolverhampton","2024-07-31","","","110,473","","","","32,310","142,783","0","766","0","143,549","0"
"10007139","University of Worcester","2024-07-31","","","56,489","","","","13,511","70,000","0","1,932","0","71,932","4,274"
"10007833","Wrexham University","2024-07-31","18,004","8,910","26,914","9","26,923","20,822","","47,745","0","0","0","47,745",""
"10007713","York St John University","2024-07-31","","","56,604","","","","33,709","90,313","0","55","0","90,368","592"
"10007167","The University of York","2024-07-31","","","149,668","","","","100,249","249,917","6,093","4,076","0","260,086","0"
"","Total","","760,865","611,003","14,389,882","100,940","1,478,692","1,696,292","10,862,766","27,049,880","459,624","967,560","192,899","28,669,963","142,501"